short_url,resolved_url,final_status
http://bit.ly/2FTEw1z,https://www.printandaudio.org.uk/app/explore/resources/type/the-jesmond-conference/topic/jesmond-conference-18-sexual-chaos-causes-counteraction/resource/3508/title/talk-4-the-way-ahead-for-the-church-and-society,403
http://bit.ly/2HQqmyD,https://www.printandaudio.org.uk/app/explore/resources/type/the-jesmond-conference/topic/jesmond-conference-18-sexual-chaos-causes-counteraction/resource/3503/title/bible-reading-1-breaking-faith-malachi-210-16,403
http://bit.ly/2ppqOfZ,https://www.printandaudio.org.uk/app/explore/resources/type/the-jesmond-conference/topic/jesmond-conference-18-sexual-chaos-causes-counteraction/resource/3504/title/talk-1-the-reason-for-and-the-cost-of-the-chaos,403
http://bit.ly/2puREDw,https://www.printandaudio.org.uk/app/explore/resources/type/the-jesmond-conference/topic/jesmond-conference-18-sexual-chaos-causes-counteraction/resource/3507/title/bible-reading-2-body-and-spirit-1-corinthians-69-20,403
http://bit.ly/2pvMNmn,https://www.printandaudio.org.uk/app/explore/resources/type/the-jesmond-conference/topic/jesmond-conference-18-sexual-chaos-causes-counteraction/resource/3506/title/talk-3-homosexuality-and-transgenderism,403
http://bit.ly/2u6CwBE,https://www.printandaudio.org.uk/app/explore/resources/type/the-jesmond-conference/topic/jesmond-conference-18-sexual-chaos-causes-counteraction/resource/3505/title/talk-2-marriage-the-problems-and-the-churchs-ideal,403
https://bit.ly/2GPACcn,https://www.printandaudio.org.uk/app/explore/resources/type/sermons/church/jesmond-parish-church/series/100/resource/3575/title/two-destinies,403
https://bit.ly/2GPkuHR,https://www.printandaudio.org.uk/app/explore/resources/type/sermons/church/jesmond-parish-church/series/327/resource/3656/title/the-fundamental-principle-of-giving,403
https://bit.ly/2GSfaUl,https://www.printandaudio.org.uk/app/explore/resources/type/sermons/church/jesmond-parish-church/series/332/resource/3734/title/truth-and-lies,403
https://bit.ly/2GShSsY,https://www.printandaudio.org.uk/app/explore/resources/type/sermons/church/jesmond-parish-church/series/326/resource/3674/title/remember-the-rescue,403
https://bit.ly/2GTIj1p,https://www.printandaudio.org.uk/app/explore/resources/type/sermons/church/jesmond-parish-church/series/325/resource/3605/title/listening-to-god,403
https://bit.ly/2GTnfrE,https://www.printandaudio.org.uk/app/explore/resources/type/sermons/church/jesmond-parish-church/series/318/resource/3567/title/amputating-our-adultery,403
https://bit.ly/2GVE3i2,https://www.printandaudio.org.uk/app/search/resources/from/01-02-2019/to/25-05-2019/time/pm/church/jesmond-parish-church/resource/3718/title/why-is-the-gospel-good-news,403
https://bit.ly/2KKkdHJ,https://www.printandaudio.org.uk/app/explore/resources/type/sermons/church/jesmond-parish-church/series/326/resource/3651/title/the-lord-shows-his-power,403
https://bit.ly/2KjfltT,https://www.printandaudio.org.uk/app/search/resources/from/02-02-2018/to/31-12-2018/time/pm/church/jesmond-parish-church/resource/3491/title/how-to-live,403
https://bit.ly/2KkA5Bo,https://www.printandaudio.org.uk/app/search/resources/from/02-02-2018/to/31-12-2018/time/pm/church/jesmond-parish-church/resource/3589/title/becoming-all-things-for-christ,403
https://bit.ly/2KlKtJb,https://www.printandaudio.org.uk/app/explore/resources/type/sermons/church/jesmond-parish-church/series/311/resource/3488/title/the-woman-who-gave-everything,403
https://bit.ly/2KmF1py,https://www.printandaudio.org.uk/app/explore/resources/type/sermons/church/jesmond-parish-church/series/36/resource/3518/title/why-are-you-troubled,403
https://bit.ly/2KmvKxy,https://www.printandaudio.org.uk/app/explore/resources/type/sermons/church/jesmond-parish-church/series/316/resource/3536/title/the-hope-in-us,403
https://bit.ly/2KmwFhO,https://www.printandaudio.org.uk/app/explore/resources/type/sermons/church/jesmond-parish-church/series/332/resource/3709/title/eyewitness-testimony,403
https://bit.ly/2KoByHf,https://www.printandaudio.org.uk/app/explore/resources/type/sermons/church/jesmond-parish-church/series/332/resource/3732/title/do-not-love-the-world,403
https://bit.ly/2KvhSjK,https://www.printandaudio.org.uk/app/explore/resources/type/sermons/church/jesmond-parish-church/series/326/resource/3689/title/the-red-sea-a-model-for-us,403
https://bit.ly/2KxxnHJ,https://www.printandaudio.org.uk/app/explore/resources/type/sermons/church/jesmond-parish-church/series/316/resource/3535/title/living-for-jesus-in-marriage,403
https://bit.ly/2M4AIBh,https://www.printandaudio.org.uk/app/search/resources/from/01-03-2018/to/31-03-2018/resource/3512/title/following-jesus,403
https://bit.ly/2M5nsMP,https://www.printandaudio.org.uk/app/search/resources/from/02-02-2018/to/31-12-2018/time/pm/church/jesmond-parish-church/resource/3600/title/who-are-you-going-to-be,403
https://bit.ly/2M5qBMx,https://www.printandaudio.org.uk/app/explore/resources/type/sermons/church/jesmond-parish-church/series/326/resource/3641/title/a-cry-for-help,403
https://bit.ly/2M6Ue0c,https://www.printandaudio.org.uk/app/explore/resources/type/sermons/church/jesmond-parish-church/series/332/resource/3710/title/how-can-i-have-true-fellowship,403
https://bit.ly/2M7HJ4c,https://www.printandaudio.org.uk/app/explore/resources/type/sermons/church/jesmond-parish-church/series/232/resource/3495/title/davids-census,403
https://bit.ly/2M7Ji24,https://www.printandaudio.org.uk/app/explore/resources/type/sermons/church/jesmond-parish-church/series/316/resource/3544/title/how-to-suffer-well-for-jesus,403
https://bit.ly/2MJlotq,https://www.printandaudio.org.uk/app/explore/resources/type/sermons/church/jesmond-parish-church/from/2019-06-26/to/2019-08-07/sort/date/direction/desc/resource/3751/title/genuine-prayer,403
https://bit.ly/2MKg3lt,https://www.printandaudio.org.uk/app/explore/resources/type/sermons/church/jesmond-parish-church/series/36/resource/3516/title/on-the-emmaus-road,403
https://bit.ly/2ML1jTx,https://www.printandaudio.org.uk/app/explore/resources/type/sermons/church/jesmond-parish-church/from/2019-06-26/to/2019-08-07/sort/date/direction/desc/resource/3744/title/how-do-you-love-your-enemies,403
https://bit.ly/2MLCpDq,https://www.printandaudio.org.uk/app/explore/resources/type/sermons/church/jesmond-parish-church/series/318/resource/3561/title/did-jesus-abolish-the-law,403
https://bit.ly/2MLF2Fi,https://www.printandaudio.org.uk/app/explore/resources/type/sermons/church/jesmond-parish-church/series/325/resource/3612/title/belonging-to-gods-people,403
https://bit.ly/2MLIZcM,https://www.printandaudio.org.uk/app/explore/resources/type/sermons/church/jesmond-parish-church/series/332/resource/3738/title/continuing-in-jesus,403
https://bit.ly/2MMw0aL,https://www.printandaudio.org.uk/app/search/resources/from/02-02-2018/to/31-12-2018/time/pm/church/jesmond-parish-church/resource/3543/title/how-to-keep-going-as-christians,403
https://bit.ly/2OID2QH,https://www.printandaudio.org.uk/app/explore/resources/type/sermons/church/jesmond-parish-church/series/326/resource/3640/title/what-excuses-do-you-give-god,403
https://bit.ly/2OJbE4S,https://www.printandaudio.org.uk/app/explore/resources/type/sermons/church/jesmond-parish-church/series/232/resource/3476/title/davids-last-words,403
https://bit.ly/2OJlgNa,https://www.printandaudio.org.uk/app/explore/resources/type/sermons/church/jesmond-parish-church/series/316/resource/3531/title/submit-like-jesus,403
https://bit.ly/2OJm1Ww,https://www.printandaudio.org.uk/app/explore/resources/type/sermons/church/jesmond-parish-church/series/318/resource/3563/title/dealing-with-your-anger,403
https://bit.ly/2OJndsY,https://www.printandaudio.org.uk/app/explore/resources/type/sermons/church/jesmond-parish-church/series/100/resource/3581/title/what-to-do-when-evil-prospers,403
https://bit.ly/2OJselm,https://www.printandaudio.org.uk/app/search/resources/name/ian-garrett/bible-book/luke/resource/3625/title/the-parable-of-ten-minas,403
https://bit.ly/2OL65mK,https://www.printandaudio.org.uk/app/explore/resources/type/sermons/church/jesmond-parish-church/series/318/resource/3555/title/salt-and-light,403
https://bit.ly/2OTMhgK,https://www.printandaudio.org.uk/app/explore/resources/type/sermons/church/jesmond-parish-church/series/316/resource/3548/title/a-hostile-world,403
https://bit.ly/2TbwSXV,https://www.printandaudio.org.uk/app/explore/resources/type/sermons/church/jesmond-parish-church/series/327/resource/3658/title/a-collection-for-the-saints,403
https://bit.ly/2Tbx2yo,https://www.printandaudio.org.uk/app/search/resources/from/02-02-2018/to/31-12-2018/time/pm/church/jesmond-parish-church/resource/3501/title/is-god-just-loving-or-both,403
https://bit.ly/2TcJ6iY,https://www.printandaudio.org.uk/app/explore/resources/type/sermons/church/jesmond-parish-church/from/2019-06-26/to/2019-08-07/sort/date/direction/desc/resource/3746/title/giving-for-the-glory-of-god,403
https://bit.ly/2TeguWp,https://www.printandaudio.org.uk/app/explore/resources/type/sermons/church/jesmond-parish-church/series/325/resource/3601/title/whose-love-can-you-trust,403
https://bit.ly/2YID0Ms,https://www.printandaudio.org.uk/app/explore/resources/type/sermons/church/jesmond-parish-church/series/324/resource/3599/title/real-love,403
https://bit.ly/2YLdwOl,https://www.printandaudio.org.uk/app/explore/resources/type/sermons/church/jesmond-parish-church/from/2019-06-26/to/2019-08-07/sort/date/direction/desc/resource/3755/title/fasting-what-why-when-how#top,403
https://bit.ly/2YMMClm,https://www.printandaudio.org.uk/app/search/resources/from/01-02-2019/to/25-05-2019/time/pm/church/jesmond-parish-church/resource/3669/title/who-are-you-and-what-are-you-here-for,403
https://bit.ly/2YOBzvL,https://www.printandaudio.org.uk/app/explore/resources/type/sermons/church/jesmond-parish-church/series/316/resource/3527/title/into-the-light,403
https://bit.ly/2YPIEIL,https://www.printandaudio.org.uk/app/search/resources/from/02-02-2018/to/31-12-2018/time/pm/church/jesmond-parish-church/resource/3637/title/gods-promise,403
https://bit.ly/2YPwz6f,https://www.printandaudio.org.uk/app/explore/resources/type/sermons/church/jesmond-parish-church/series/232/resource/3511/title/davids-death,403
https://bit.ly/2YTTIVj,https://www.printandaudio.org.uk/app/search/resources/from/02-02-2018/to/31-12-2018/time/pm/church/jesmond-parish-church/resource/3583/title/back-to-basics-godly-living,403
https://bit.ly/2YswLwZ,https://www.printandaudio.org.uk/app/explore/resources/type/sermons/church/jesmond-parish-church/series/332/resource/3728/title/how-to-recognise-a-true-christian,403
https://bit.ly/2Yszw1j,https://www.printandaudio.org.uk/app/explore/resources/type/sermons/church/jesmond-parish-church/series/326/resource/3671/title/the-judgement-that-saves,403
https://bit.ly/2YxlbAz,https://www.printandaudio.org.uk/app/explore/resources/type/sermons/church/jesmond-parish-church/series/332/resource/3721/title/jesus-our-advocate,403
https://bit.ly/2YyEXvy,https://www.printandaudio.org.uk/app/explore/resources/type/sermons/church/jesmond-parish-church/series/318/resource/3553/title/life-in-the-kingdom-of-god-a-guide-for-new-residents,403
https://bit.ly/2YyflPq,https://www.printandaudio.org.uk/app/explore/resources/type/sermons/church/jesmond-parish-church/series/332/resource/3730/title/is-what-you-believe-right,403
https://bit.ly/2ZCRafn,https://www.printandaudio.org.uk/app/explore/resources/type/sermons/church/jesmond-parish-church/series/326/resource/3694/title/celebrating-our-triumphant-god,403
https://bit.ly/2ZEZew4,https://www.printandaudio.org.uk/app/explore/resources/type/sermons/church/jesmond-parish-church/series/232/resource/3468/title/davids-song,403
https://bit.ly/2ZExA2n,https://www.printandaudio.org.uk/app/explore/resources/type/sermons/church/jesmond-parish-church/series/100/resource/3584/title/a-study-of-true-repentance,403
https://bit.ly/2ZOW4pL,https://www.printandaudio.org.uk/app/explore/resources/type/sermons/church/jesmond-parish-church/series/325/resource/3606/title/why-how-and-what-to-pray,403
https://bit.ly/2ZQsG20,https://www.printandaudio.org.uk/app/search/resources/from/02-02-2018/to/31-12-2018/time/pm/church/jesmond-parish-church/resource/3533/title/christianity-rules-or-relationship,403
https://bit.ly/2yHPaqc,https://www.printandaudio.org.uk/app/explore/resources/type/sermons/church/jesmond-parish-church/series/316/resource/3523/title/a-time-of-exile,403
https://bit.ly/2yI9jwl,https://www.printandaudio.org.uk/app/explore/resources/type/sermons/church/jesmond-parish-church/series/325/resource/3624/title/sharing-our-faith-in-jesus,403
https://bit.ly/31iB7nc,https://www.printandaudio.org.uk/app/explore/resources/type/sermons/church/jesmond-parish-church/series/100/resource/3587/title/fallen-humanity,403
https://bit.ly/31mW7t1,https://www.printandaudio.org.uk/app/explore/resources/type/sermons/church/jesmond-parish-church/series/311/resource/3486/title/where-to-keep-your-treasure,403
https://bit.ly/31mjgMe,https://www.printandaudio.org.uk/app/search/resources/name/jonathan-pryke/from/16-03-2019/to/31-03-2019/time/pm/church/jesmond-parish-church/resource/3691/title/the-cross-of-christ,403
https://bit.ly/31mlFXb,https://www.printandaudio.org.uk/app/explore/resources/type/sermons/church/jesmond-parish-church/series/232/resource/3496/title/davids-old-age,403
https://bit.ly/31nT0B1,https://www.printandaudio.org.uk/app/explore/resources/type/sermons/church/jesmond-parish-church/series/324/resource/3598/title/real-love,403
https://bit.ly/31o3nop,https://www.printandaudio.org.uk/app/explore/resources/type/sermons/church/jesmond-parish-church/series/325/resource/3613/title/sex-and-relationships,403
https://bit.ly/31q5jNu,https://www.printandaudio.org.uk/app/explore/resources/type/sermons/church/jesmond-parish-church/series/316/resource/3539/title/living-in-the-spirit,403
https://bit.ly/31qpVoO,https://www.printandaudio.org.uk/app/explore/resources/type/sermons/church/jesmond-parish-church/series/325/resource/3635/title/why-bother-serving-god,403
https://bit.ly/31v4yml,https://www.printandaudio.org.uk/app/explore/resources/type/sermons/church/jesmond-parish-church/series/318/resource/3568/title/can-you-be-trusted,403
https://bit.ly/33b5MEK,https://www.printandaudio.org.uk/app/explore/resources/type/sermons/church/jesmond-parish-church/series/100/resource/3574/title/the-judge-of-all,403
https://bit.ly/33iBksn,https://www.printandaudio.org.uk/app/explore/resources/type/sermons/church/jesmond-parish-church/series/232/resource/3474/title/davids-mighty-men,403
https://bit.ly/33j6DDu,https://www.printandaudio.org.uk/app/explore/resources/type/sermons/church/jesmond-parish-church/from/2019-06-26/to/2019-08-07/sort/date/direction/desc/resource/3742/title/revenge-or-generosity,403
https://bit.ly/33ju13K,https://www.printandaudio.org.uk/app/explore/resources/type/sermons/church/jesmond-parish-church/series/324/resource/3594/title/is-real-change-possible,403
https://bit.ly/33kCHXJ,https://www.printandaudio.org.uk/app/explore/resources/type/sermons/church/jesmond-parish-church/series/316/resource/3521/title/a-living-hope,403
https://bit.ly/33lc2K7,https://www.printandaudio.org.uk/app/explore/resources/type/sermons/church/jesmond-parish-church/series/326/resource/3648/title/where-to-look-when-god-seems-weak,403
https://bit.ly/33ly4wj,https://www.printandaudio.org.uk/app/search/resources/name/bishop-martin-morrison__martin-morrison/resource/3632/title/advent-carols,403
https://bit.ly/33mKft5,https://www.printandaudio.org.uk/app/search/resources/from/01-02-2019/to/25-05-2019/time/pm/church/jesmond-parish-church/resource/3680/title/why-follow-jesus-christ,403
