legacy_id,source_name,canonical_name,category,summary,reconcile_existing,warning
69,Sonship (Adoption by God),Adoption by God,Theology - Systematic,Adoption of believers by God through Jesus.,True,
153,Evidence for the Faith,Apologetics,Apologetics,Apologetics and arguments for the Christian faith.,True,
155,General Apologetics,Apologetics,Apologetics,Apologetics and arguments for the Christian faith.,True,
180,Science,Apologetics,Apologetics,Apologetics and arguments for the Christian faith.,True,
175,Art/Literature/Media,Arts,"Politics, Culture, and Ethics",Christian interaction and perspectives on the arts,True,
80,Assurance of Salvation/Doubt,Assurance,Christian Life,Confidence in one's salvation and dealing with doubts.,True,
151,Atheism,Atheism,"Politics, Culture, and Ethics",Understanding and responding to atheism.,True,
131,Baptism & Church Membership,Baptism and Church Membership,Church,The meaning an significance of baptism and other forms of church membership.,True,
31,Bible Book Overviews,Bible Book Overviews,Biblical Studies,Overviews of individual Bible books.,True,
32,Bible Prophecy,Bible Interpretation,Biblical Studies,Teaching and understanding the Bible,True,
33,Bible Translation & Interpretation,Bible Interpretation,Biblical Studies,Teaching and understanding the Bible,True,
81,Biblical Counselling,Biblical Counselling,Christian Life,The provision of counsel from the Bible,True,
36,New Testament Biblical Figures,Biblical Figures,Biblical Studies,Individuals from the Bible,True,
37,Old Testament Biblical Figures,Biblical Figures,Biblical Studies,Individuals from the Bible,True,
160,Abortion/Bioethics,Bioethics,"Politics, Culture, and Ethics",Biblical perspective on matters of the beginning of life,True,
173,Christian Biography,Biography,History,Lives of Christians through history.,True,
167,Christianity in Public Life,Christianity in Public Life,"Politics, Culture, and Ethics",Living out Christian life in the public sphere,True,
132,Christmas,Christmas,Church,The celebration of the birth of Jesus.,True,
133,Church Discipline,Church Discipline,Church,Correcting and restoring believers within the church.,True,
174,Church History,Church History,History,The history of the Christian Church.,True,
147,Spiritual Leadership,Church Leadership,Church,Church leadership characterics and gifts.,True,
128,Nature of the Church/Church Issues,Church Life,Church,The church.,True,
138,Church Planting,Church Planting,Church,Starting new churches.,True,
83,Courage & Boldness,Courage,Christian Life,Living out faith with God-given bravery.,True,
59,Creation,Creation,Theology - Systematic,The origin of the world.,True,
152,Cults & The Occult,Cults and the Occult,"Politics, Culture, and Ethics",Recognizing and addressing cults and occult practices.,True,
177,Culture,Culture,"Politics, Culture, and Ethics",Understanding and speaking into secular culture in all its forms,True,
84,Death & Dying,Death and Dying,Christian Life,The Bible's teaching on the end of life.,True,
82,Conscience,Discipleship,Christian Life,Teaching to grow individuals in their Christian walk,True,
85,Encouragement,Discipleship,Christian Life,Teaching to grow individuals in their Christian walk,True,
86,Fear & Anxiety,Discipleship,Christian Life,Teaching to grow individuals in their Christian walk,True,
88,Forgiving Others,Discipleship,Christian Life,Teaching to grow individuals in their Christian walk,True,
89,Gratitude/Contentment,Discipleship,Christian Life,Teaching to grow individuals in their Christian walk,True,
90,Hope/Joy,Discipleship,Christian Life,Teaching to grow individuals in their Christian walk,True,
91,Knowing God's Will/Guidance,Discipleship,Christian Life,Teaching to grow individuals in their Christian walk,True,
92,Life of the Body,Discipleship,Christian Life,Teaching to grow individuals in their Christian walk,True,
93,Loving Others,Discipleship,Christian Life,Teaching to grow individuals in their Christian walk,True,
96,Pride & Humility,Discipleship,Christian Life,Teaching to grow individuals in their Christian walk,True,
98,Speech,Discipleship,Christian Life,Teaching to grow individuals in their Christian walk,True,
99,Spiritual Warfare/Temptation,Discipleship,Christian Life,Teaching to grow individuals in their Christian walk,True,
102,Wisdom,Discipleship,Christian Life,Teaching to grow individuals in their Christian walk,True,
103,Work & Vocation,Discipleship,Christian Life,Teaching to grow individuals in their Christian walk,True,
105,Christian Freedom,Discipleship,Christian Life,Teaching to grow individuals in their Christian walk,True,
106,Devotional Life/Quiet Times,Discipleship,Christian Life,Teaching to grow individuals in their Christian walk,True,
107,Discipleship,Discipleship,Christian Life,Teaching to grow individuals in their Christian walk,True,
108,Education,Discipleship,Christian Life,Teaching to grow individuals in their Christian walk,False,
109,Fasting,Discipleship,Christian Life,Teaching to grow individuals in their Christian walk,True,
110,Fruit of the Spirit,Discipleship,Christian Life,Teaching to grow individuals in their Christian walk,True,
112,Life of the Mind,Discipleship,Christian Life,Teaching to grow individuals in their Christian walk,True,
113,Personal Holiness/Obedience,Discipleship,Christian Life,Teaching to grow individuals in their Christian walk,True,
115,"Sanctification, Growth, God's Discipline",Discipleship,Christian Life,Teaching to grow individuals in their Christian walk,True,
134,Easter,Easter,Church,The celebration of the resurrection of Jesus.,True,
169,Education,Education,"Politics, Culture, and Ethics",Christian view of education.,True,
144,Biblical Eldership,Eldership,Church,How the Bible teaches church leadership structures.,True,
185,Environment,Environment,"Politics, Culture, and Ethics",Biblical stewardship of the environment and engagement with idea of climate change and environmental impact.,True,
139,Evangelism,Evangelism,Christian Life,Sharing the Christian faith with others.,True,
61,Faith,Faith,Theology - Systematic,Belief and trust in God and His promises.,True,
154,False Teaching,False Teaching,Church,Identifying and responding to incorrect doctrines.,True,
182,Gender,Gender,"Politics, Culture, and Ethics",Biblical teaching on gender.,True,
161,Gender & Sexuality,Gender,"Politics, Culture, and Ethics",Biblical teaching on gender.,True,
168,Government/Politics,Government and Politics,"Politics, Culture, and Ethics",Christian engagement with and perspecties on governance.,True,
63,Heaven & Hell,"Heaven, Hell, and the Spiritual Realm",Theology - Systematic,"Theology of heaven, hell, angels, and demons.",True,
87,Fellowship & Hospitality,Hospitality,Christian Life,Church community and hospitality.,True,
73,The Birth of Christ/Incarnation,Incarnation,"Theology - God; Father, Son, and Spirit",The embodiment of the second person of the Trinity as human form in Jesus.,True,
34,Inspiration & Inerrancy of the Bible,Inspiration and Inerrancy of the Bible,Biblical Studies,The doctrine of the source and faultlessness of the Bible.,True,
74,The Death of Christ/Atonement/Priesthood,Jesus Christ's Death,"Theology - God; Father, Son, and Spirit",Jesus' sacrificial death for mankind.,True,
75,The Deity of Christ/Person of Christ,Jesus Christ's Person and Deity,"Theology - God; Father, Son, and Spirit",Understanding Jesus' divine and human nature and the implications thereof.,True,
60,End Times / Return of Christ,Jesus' Second Coming,Theology - Systematic,Prophecies and beliefs regarding the end of the world and Christ's return.,True,
64,Justification,Justification,Theology - Systematic,Being declared righteous before God.,True,
35,Kingdom of God,Kingdom of God,Theology - Systematic,The now and not yet of Jesus' rule.,True,
120,Divorce & Remarriage,Marriage,Christian Life,What the Bible says about the breakup of marriage.,True,
121,Marriage,Marriage,Christian Life,Biblical foundation and principles for marriage.,True,
118,Biblical Manhood & Womanhood,Men and Women,Christian Life,Roles of men and women according to the Bible.,True,
124,Women,Men and Women,Christian Life,Roles and teaching specifically for women.,True,
122,Men,Men and Women,Christian Life,Roles and teaching specifically for men.,True,
170,Middle East,Middle East,"Politics, Culture, and Ethics",The geography and politics of the Middle East.,True,
127,Multi-Site Church Ministry,Ministry,Church,Church ministry,True,
145,Pastoral Ministry,Ministry,Church,Church ministry,True,
140,Ministry/Urban Ministry,Ministry,Church,Church ministry,True,
141,Missions,Mission,Church,"Sharing the gospel outside the church, often overseas. particularly overseas.",True,
94,Money,Money and Giving,Christian Life,Biblical teaching on money and giving.,True,
111,Giving,Money and Giving,Christian Life,Biblical teaching on money and giving.,True,
123,Parenting,Parenting,Christian Life,Biblical principles for parenting.,True,
119,Children,Parenting,Christian Life,Biblical principles for parenting.,True,
65,Perseverance of the Saints,Perseverance of the Saints,Theology - Systematic,The doctrine of believers continuing in faith to the end.,True,
162,Poverty,Poverty,"Politics, Culture, and Ethics",Understanding and addressing poverty.,True,
114,Prayer,Prayer,Christian Life,Speaking to God.,True,
146,Preaching & Teaching,Preaching and Teaching,Church,Teaching the Bible publically.,True,
66,Predestination/Election,Predestination and Election,Theology - Systematic,God's sovereignty in choosing those who will be saved.,True,
163,Public Justice,Public Life,"Politics, Culture, and Ethics",Biblical justice in the public sphere.,True,
164,Racial Harmony,Racial Harmony,"Politics, Culture, and Ethics",The cultural topic of race through a biblical lense.,True,
38,Redemptive History,Redemptive History,Theology - Systematic,The narrative of God's eternal plan to redeem all of creation.,True,
67,Regeneration / New Birth,Regeneration,Theology - Systematic,The spiritual renewal and rebirth of a believer.,True,
68,Repentance,Repentance,Theology - Systematic,Turning away from sin and towards God.,True,
62,Glorification / Resurrection of the Body,Resurrection of Believers,Theology - Systematic,Physical transformation of the body promised to believers.,True,
44,Satan,Satan,Theology - Systematic,The deceiver as defined in the Bible.,True,
116,Spiritual Gifts/Serving,Serving,Christian Life,Understanding and addressing poverty.,True,
97,Sexual Purity/Relationships,Sex and Relationships,Christian Life,What God says about sex and relationships.,True,
42,Imputed & Original Sin,Sin,Theology - Systematic,Sin as inherited from Adam.,True,
43,Indwelling Sin,Sin,Theology - Systematic,Ongoing battle with sin in the Christian life.,True,
129,Small Groups,Small Groups,Church,Small group fellowship in churches.,True,
165,Social Issues,Social Issues,"Politics, Culture, and Ethics",Questions over current social issues.,True,
95,Persecution & Martyrdom,Suffering,Christian Life,Stories and teachings on suffering for faith.,True,
100,Suffering/Sickness,Suffering,Christian Life,Understanding and comfort for suffering.,True,
101,Mental Health,Mental Health,Christian Life,Biblical perspectives and pastoral care related to mental health.,True,
183,Technology,Technology,"Politics, Culture, and Ethics",Understanding technology through a biblical lens.,True,
171,Terrorism,Terrorism,"Politics, Culture, and Ethics",Addressing terrorism from a biblical standpoint.,True,
179,Testimonies,Testimony,Christian Life,Personal stories of God's work in people's lives.,True,
39,The Covenants,The Covenants,Theology - Systematic,The promises from God with man marking his relationship with them.,True,
45,The Fall,The Fall,Theology - Systematic,The original rebellion of humans against God.,True,
48,The Foreknowledge of God,The Foreknowledge of God,"Theology - God; Father, Son, and Spirit",God's knowledge of future events.,True,
49,The Glory of God,The Glory of God,"Theology - God; Father, Son, and Spirit",Understanding the majesty and splendour of God.,True,
70,The Gospel,The Gospel,Theology - Systematic,"The good news of Jesus Christ's life, death, and resurrection.",True,
50,The Grace of God,The Grace of God,"Theology - God; Father, Son, and Spirit",God's unmerited favour towards humanity.,True,
51,The Holiness of God,The Holiness of God,"Theology - God; Father, Son, and Spirit",God's absolute moral perfection.,True,
52,The Holy Spirit,The Holy Spirit,"Theology - God; Father, Son, and Spirit",The work and presence of the third person of the Trinity.,True,
71,The Law,The Law,Theology - Systematic,"The commandments and teaching given by God, particularly in the Old Testament through Moses.",True,
76,The Life of Christ/Work/Miracles,The Life of Christ,"Theology - God; Father, Son, and Spirit","The life, work, and teaching of Jesus.",True,
135,The Lord's Day,The Lord's Day,Church,Sunday.,True,
136,The Lord's Supper,The Lord's Supper,Church,The practice of taking bread and wine as communion.,True,
53,The Love of God,The Love of God,"Theology - God; Father, Son, and Spirit",God's love for humanity.,True,
54,The Pleasures of God,The Pleasures of God,"Theology - God; Father, Son, and Spirit",Understanding what delights God.,True,
46,The Power & Effects of Sin,The Power and Effects of Sin,Theology - Systematic,Sin's impact on individuals and the world.,True,
77,The Resurrection of Christ,The Resurrection of Christ,"Theology - God; Father, Son, and Spirit",Jesus' victory over death.,True,
55,The Sovereignty of God,The Sovereignty of God,"Theology - God; Father, Son, and Spirit",God's authority and supreme power.,True,
78,The Supremacy of Christ,The Supremacy of Christ,"Theology - God; Father, Son, and Spirit",The preeminence and ultimate authority of Jesus.,True,
56,The Trinity,The Trinity,"Theology - God; Father, Son, and Spirit","The doctrine of three persons in one God, Father, Son, and Holy Spirit.",True,
57,The Wrath of God,The Wrath of God,"Theology - God; Father, Son, and Spirit",God's righteous anger.,True,
40,Theology - Biblical/Systematic,Biblical and Systematic Theology,Theology - Systematic,Systematic topics of faith from scripture.,True,
157,Truth,Truth,"Politics, Culture, and Ethics",The nature of truth according to the Bible.,True,
126,Christian Unity,Unity,Church,The unity between the people of Christ.,True,
148,Women's Ministry,Women's Ministry,Church,Running teaching particularly for women in the church.,True,
158,World Religions,Word Religions,"Politics, Culture, and Ethics",Other religions in light of Christianity.,True,
142,Worship,Worship,Church,The act and heart of worshiping God.,True,
149,Children's & Youth Ministry,Youth and Children's Ministry,Church,Running teaching particularly for children and young people in the church.,True,
47,THEOLOGY- GOD,The Trinity,"Theology - God; Father, Son, and Spirit","The doctrine of three persons in one God, Father, Son, and Holy Spirit.",True,
159,WORLDVIEW - ARTS,Arts,"Politics, Culture, and Ethics",Christian interaction and perspectives on the arts,True,
117,FAMILY,Parenting,Christian Life,Biblical principles for parenting.,True,
,Human Sexuality,Sexuality,"Politics, Culture, and Ethics",Biblical teaching on sexuality.,True,No legacy lookup ID; exact-name database match required.
,misc.,Misc.,,,True,No legacy lookup ID; exact-name database match required.
,Heaven and Hell and the Spiritual Realm,"Heaven, Hell, and the Spiritual Realm",Theology - Systematic,"Theology of heaven, hell, angels, and demons.",True,Compatibility alias for the former seeded canonical spelling.
